shape,nodes,phase,seconds,anchor_max,edge_error_max,penetration_max,speed_max,angular_max,anchor_final,speed_final,angular_final,simulate_mean_ms,simulate_p95_ms,simulate_max_ms,driver_mean_ms,passed
chain,20,settle,2.000000,0.000000,0.000002,0.000000,0.000000,0.000000,0.000000,0.000000,0.000000,0.003733,0.012300,0.102300,0.011175,true
chain,20,continuous,20.000000,0.045570,0.045569,0.000000,2.702452,0.000021,0.000053,0.000000,0.000000,0.007849,0.011800,0.066400,0.012666,true
chain,20,pulsed,20.000000,0.014465,0.014462,0.000000,1.001290,0.000006,0.000525,0.463491,0.000001,0.008043,0.011900,0.084400,0.011197,true
chain,20,strong_flow,20.000000,0.122410,0.041153,0.000000,3.487907,77.987854,0.110956,0.011854,0.289291,0.014106,0.019500,0.073800,0.014702,true
chain,20,recovery,5.000000,0.110895,0.013968,0.000000,2.836661,24.412668,0.024956,0.687473,3.679358,0.012616,0.021900,0.045900,0.011675,false
ring,20,settle,2.000000,0.000001,0.000001,0.000000,0.000000,0.000000,0.000000,0.000000,0.000000,0.002348,0.008000,0.023800,0.014316,true
ring,20,continuous,20.000000,0.001866,0.001860,0.000000,2.822785,40.541344,0.001854,2.822785,40.541340,0.008296,0.011400,0.033400,0.012757,true
ring,20,pulsed,20.000000,0.001854,0.001851,0.000000,2.822786,40.541378,0.000341,1.011237,14.434275,0.007773,0.010400,0.050600,0.011477,true
ring,20,strong_flow,20.000000,0.064976,0.014101,0.000000,5.866975,50.230770,0.012538,0.192263,1.997968,0.010162,0.015900,0.111200,0.016403,true
ring,20,recovery,5.000000,0.023508,0.002971,0.000000,2.163800,30.156265,0.001268,0.000000,0.000000,0.006796,0.010500,0.025100,0.011467,true
symmetric,20,settle,2.000000,0.000000,0.000000,0.000000,0.000000,0.000000,0.000000,0.000000,0.000000,0.002386,0.006200,0.017600,0.011205,true
symmetric,20,continuous,20.000000,0.034697,0.023908,0.000000,4.512693,63.363838,0.012991,0.002787,0.015231,0.009229,0.012700,0.051700,0.010564,true
symmetric,20,pulsed,20.000000,0.012982,0.000815,0.000000,1.605464,14.260703,0.000858,0.688151,5.988394,0.008160,0.012800,0.134900,0.010746,true
symmetric,20,strong_flow,20.000000,0.032267,0.024902,0.000000,4.360349,16.239660,0.026824,0.072410,1.007583,0.010738,0.016300,0.057800,0.016135,true
symmetric,20,recovery,5.000000,0.026701,0.012483,0.000000,3.006391,49.001015,0.009209,0.075429,0.901898,0.008398,0.011800,0.037100,0.010748,true
chain,30,settle,2.000000,0.000000,0.000002,0.000000,0.000000,0.000000,0.000000,0.000000,0.000000,0.002957,0.008800,0.021800,0.023856,true
chain,30,continuous,20.000000,0.039310,0.039311,0.000000,2.590012,0.000017,0.000305,0.000000,0.000000,0.010815,0.015200,0.137300,0.021537,true
chain,30,pulsed,20.000000,0.015053,0.015053,0.000000,1.047223,0.000008,0.001998,0.607532,0.000002,0.011605,0.015400,0.041700,0.022801,true
chain,30,strong_flow,20.000000,0.183587,0.055162,0.000000,4.186524,112.227852,0.142266,1.699971,9.073978,0.021108,0.032700,0.231700,0.026987,true
chain,30,recovery,5.000000,0.142716,0.023014,0.000000,6.211760,95.759201,0.034390,1.365006,10.696369,0.017459,0.022800,0.055900,0.018591,false
ring,30,settle,2.000000,0.000000,0.000018,0.000000,0.000000,0.000000,0.000000,0.000000,0.000000,0.003430,0.008700,0.058500,0.025749,true
ring,30,continuous,20.000000,0.002091,0.002068,0.000000,2.878815,28.229343,0.002060,2.878815,28.229330,0.012798,0.016300,0.056100,0.021819,true
ring,30,pulsed,20.000000,0.002060,0.002041,0.000000,2.878826,28.229353,0.000473,1.037587,10.392815,0.011986,0.015000,0.111700,0.021449,true
ring,30,strong_flow,20.000000,0.077062,0.010341,0.000000,5.633240,60.716419,0.027720,0.577276,6.940546,0.015928,0.022400,0.102100,0.029099,true
ring,30,recovery,5.000000,0.035227,0.004538,0.000000,3.268674,48.131714,0.006863,0.030045,0.375617,0.012652,0.016600,0.047500,0.021236,true
symmetric,30,settle,2.000000,0.000000,0.000000,0.000000,0.000000,0.000000,0.000000,0.000000,0.000000,0.003316,0.009400,0.026000,0.023329,true
symmetric,30,continuous,20.000000,0.034183,0.020634,0.000000,3.850820,49.352875,0.010988,0.006867,0.137152,0.014774,0.019200,0.206900,0.020938,true
symmetric,30,pulsed,20.000000,0.014647,0.001412,0.000000,1.009176,17.575043,0.008173,0.748219,10.096760,0.014962,0.019000,0.531800,0.022766,true
symmetric,30,strong_flow,20.000000,0.222298,0.067125,0.000000,4.129844,22.616028,0.222298,1.301532,9.282824,0.018642,0.025500,0.076800,0.026442,true
symmetric,30,recovery,5.000000,0.223243,0.064799,0.000000,12.393528,92.185402,0.025274,1.405507,12.744763,0.018186,0.026900,0.127900,0.023928,false
