step,seconds,particle,x,y,remaining,distance_to_absorber,travel
0,0.000,0,-0.320000,-2.900000,0.400000,1.926759,0.000000
0,0.000,1,0.320000,-3.560000,0.400000,2.579922,0.000000
0,0.000,2,-0.320000,0.900000,0.400000,1.926759,0.000000
0,0.000,3,0.320000,1.560000,0.400000,2.579922,0.000000
10,0.200,0,-0.320000,-2.501109,0.400000,1.534838,0.398891
10,0.200,1,0.320000,-3.233516,0.400000,2.256323,0.326484
10,0.200,2,-0.320000,0.501109,0.400000,1.534838,0.398892
10,0.200,3,0.320000,1.233515,0.400000,2.256322,0.326485
20,0.400,0,-0.320000,-2.108619,0.400000,1.153879,0.791381
20,0.400,1,0.320000,-2.863372,0.400000,1.890649,0.696628
20,0.400,2,-0.320000,0.108618,0.400000,1.153878,0.791382
20,0.400,3,0.320000,0.863371,0.400000,1.890649,0.696629
30,0.600,0,-0.320000,-1.812016,0.400000,0.872794,1.087985
30,0.600,1,0.320000,-2.462260,0.400000,1.496865,1.097740
30,0.600,2,-0.320000,-0.187985,0.400000,0.872793,1.087985
30,0.600,3,0.320000,0.462260,0.400000,1.496865,1.097740
40,0.800,0,-0.320000,-1.594766,0.250000,0.675387,1.305234
40,0.800,1,0.320000,-2.076395,0.400000,1.122954,1.483605
40,0.800,2,-0.320000,-0.405234,0.400000,0.675386,1.305234
40,0.800,3,0.320000,0.076395,0.400000,1.122954,1.483605
50,1.000,1,0.320000,-1.788413,0.400000,0.850879,1.771587
50,1.000,2,-0.320000,-0.564360,0.400000,0.540539,1.464359
50,1.000,3,0.320000,-0.211587,0.400000,0.850879,1.771587
60,1.200,1,0.320000,-1.577478,0.400000,0.660213,1.982522
60,1.200,2,-0.320000,-0.680912,0.400000,0.451904,1.580912
60,1.200,3,0.320000,-0.422522,0.400000,0.660213,1.982522
70,1.400,1,0.320000,-1.422978,0.400000,0.530387,2.137022
70,1.400,2,-0.320000,-0.766282,0.400000,0.396263,1.666282
70,1.400,3,0.320000,-0.577022,0.400000,0.530387,2.137022
80,1.600,1,0.320000,-1.309813,0.400000,0.445403,2.250187
80,1.600,2,-0.320000,-0.828812,0.400000,0.362912,1.728812
80,1.600,3,0.320000,-0.690187,0.400000,0.445403,2.250187
90,1.800,1,0.320000,-1.226925,0.400000,0.392294,2.333075
90,1.800,2,-0.320000,-0.874612,0.400000,0.343689,1.774611
90,1.800,3,0.320000,-0.773075,0.400000,0.392294,2.333075
100,2.000,1,0.320000,-1.166213,0.400000,0.360592,2.393787
100,2.000,2,-0.320000,-0.908159,0.400000,0.332919,1.808158
100,2.000,3,0.320000,-0.833787,0.400000,0.360592,2.393787
110,2.200,1,0.320000,-1.121744,0.400000,0.342376,2.438256
110,2.200,2,-0.320000,-0.932730,0.400000,0.326994,1.832730
110,2.200,3,0.320000,-0.878256,0.400000,0.342376,2.438255
120,2.400,1,0.320000,-1.089172,0.400000,0.332192,2.470828
120,2.400,2,-0.320000,-0.950728,0.400000,0.323771,1.850728
120,2.400,3,0.320000,-0.910828,0.400000,0.332192,2.470827
130,2.600,1,0.320000,-1.065315,0.400000,0.326598,2.494685
130,2.600,2,-0.320000,-0.963910,0.400000,0.322029,1.863910
130,2.600,3,0.320000,-0.934685,0.400000,0.326598,2.494684
140,2.800,1,0.320000,-1.047840,0.400000,0.323556,2.512159
140,2.800,2,-0.320000,-0.973566,0.400000,0.321090,1.873565
140,2.800,3,0.320000,-0.952160,0.400000,0.323556,2.512158
150,3.000,1,0.320000,-1.035041,0.400000,0.321913,2.524959
150,3.000,2,-0.320000,-0.980638,0.400000,0.320585,1.880638
150,3.000,3,0.320000,-0.964959,0.400000,0.321913,2.524958
160,3.200,1,0.320000,-1.025666,0.400000,0.321028,2.534334
160,3.200,2,-0.320000,-0.985818,0.400000,0.320314,1.885818
160,3.200,3,0.320000,-0.974334,0.400000,0.321028,2.534333
170,3.400,1,0.320000,-1.018799,0.400000,0.320552,2.541201
170,3.400,2,-0.320000,-0.989612,0.400000,0.320169,1.889612
170,3.400,3,0.320000,-0.981201,0.400000,0.320552,2.541200
180,3.600,1,0.320000,-1.013770,0.400000,0.320296,2.546231
180,3.600,2,-0.320000,-0.992392,0.400000,0.320090,1.892391
180,3.600,3,0.320000,-0.986230,0.400000,0.320296,2.546229
190,3.800,1,0.320000,-1.010086,0.400000,0.320159,2.549915
190,3.800,2,-0.320000,-0.994427,0.400000,0.320049,1.894427
190,3.800,3,0.320000,-0.989914,0.400000,0.320159,2.549913
200,4.000,1,0.320000,-1.007387,0.400000,0.320085,2.552613
200,4.000,2,-0.320000,-0.995918,0.400000,0.320026,1.895918
200,4.000,3,0.320000,-0.992613,0.400000,0.320085,2.552611
210,4.200,1,0.320000,-1.005411,0.400000,0.320046,2.554590
210,4.200,2,-0.320000,-0.997010,0.400000,0.320014,1.897010
210,4.200,3,0.320000,-0.994589,0.400000,0.320046,2.554588
220,4.400,1,0.320000,-1.003963,0.400000,0.320025,2.556037
220,4.400,2,-0.320000,-0.997810,0.400000,0.320008,1.897810
220,4.400,3,0.320000,-0.996037,0.400000,0.320025,2.556036
230,4.600,1,0.320000,-1.002903,0.400000,0.320013,2.557098
230,4.600,2,-0.320000,-0.998396,0.400000,0.320004,1.898396
230,4.600,3,0.320000,-0.997097,0.400000,0.320013,2.557096
240,4.800,1,0.320000,-1.002126,0.400000,0.320007,2.557875
240,4.800,2,-0.320000,-0.998825,0.400000,0.320002,1.898825
240,4.800,3,0.320000,-0.997874,0.400000,0.320007,2.557873
250,5.000,1,0.320000,-1.001557,0.400000,0.320004,2.558444
250,5.000,2,-0.320000,-0.999139,0.400000,0.320001,1.899139
250,5.000,3,0.320000,-0.998443,0.400000,0.320004,2.558442
260,5.200,1,0.320000,-1.001141,0.400000,0.320002,2.558860
260,5.200,2,-0.320000,-0.999370,0.400000,0.320001,1.899370
260,5.200,3,0.320000,-0.998859,0.400000,0.320002,2.558858
270,5.400,1,0.320000,-1.000835,0.400000,0.320001,2.559165
270,5.400,2,-0.320000,-0.999538,0.400000,0.320000,1.899538
270,5.400,3,0.320000,-0.999164,0.400000,0.320001,2.559164
280,5.600,1,0.320000,-1.000612,0.400000,0.320001,2.559389
280,5.600,2,-0.320000,-0.999662,0.400000,0.320000,1.899661
280,5.600,3,0.320000,-0.999388,0.400000,0.320001,2.559387
290,5.800,1,0.320000,-1.000448,0.260000,0.320000,2.559554
290,5.800,2,-0.320000,-0.999752,0.400000,0.320000,1.899752
290,5.800,3,0.320000,-0.999552,0.400000,0.320000,2.559551
300,6.000,2,-0.320000,-0.999818,0.360000,0.320000,1.899818
300,6.000,3,0.320000,-0.999672,0.400000,0.320000,2.559671
310,6.200,2,-0.320000,-0.999867,0.060000,0.320000,1.899867
310,6.200,3,0.320000,-0.999760,0.400000,0.320000,2.559759
320,6.400,2,-0.320000,-0.999871,0.000000,0.320000,1.899871
320,6.400,3,0.320000,-0.999824,0.400000,0.320000,2.559823
330,6.600,2,-0.320000,-0.999871,0.000000,0.320000,1.899871
330,6.600,3,0.320000,-0.999871,0.400000,0.320000,2.559870
340,6.800,2,-0.320000,-0.999871,0.000000,0.320000,1.899871
340,6.800,3,0.320000,-0.999905,0.400000,0.320000,2.559905
350,7.000,2,-0.320000,-0.999871,0.000000,0.320000,1.899871
350,7.000,3,0.320000,-0.999931,0.400000,0.320000,2.559930
360,7.200,2,-0.320000,-0.999871,0.000000,0.320000,1.899871
360,7.200,3,0.320000,-0.999949,0.400000,0.320000,2.559949
370,7.400,2,-0.320000,-0.999871,0.000000,0.320000,1.899871
370,7.400,3,0.320000,-0.999963,0.400000,0.320000,2.559963
380,7.600,2,-0.320000,-0.999871,0.000000,0.320000,1.899871
380,7.600,3,0.320000,-0.999973,0.400000,0.320000,2.559972
390,7.800,2,-0.320000,-0.999871,0.000000,0.320000,1.899871
390,7.800,3,0.320000,-0.999980,0.400000,0.320000,2.559980
400,8.000,2,-0.320000,-0.999871,0.000000,0.320000,1.899871
400,8.000,3,0.320000,-0.999985,0.400000,0.320000,2.559985
410,8.200,2,-0.320000,-0.999871,0.000000,0.320000,1.899871
410,8.200,3,0.320000,-0.999989,0.400000,0.320000,2.559989
420,8.400,2,-0.320000,-0.999871,0.000000,0.320000,1.899871
420,8.400,3,0.320000,-0.999992,0.400000,0.320000,2.559992
430,8.600,2,-0.320000,-0.999871,0.000000,0.320000,1.899871
430,8.600,3,0.320000,-0.999994,0.400000,0.320000,2.559994
440,8.800,2,-0.320000,-0.999871,0.000000,0.320000,1.899871
440,8.800,3,0.320000,-0.999996,0.400000,0.320000,2.559996
450,9.000,2,-0.320000,-0.999871,0.000000,0.320000,1.899871
450,9.000,3,0.320000,-0.999997,0.400000,0.320000,2.559996
460,9.200,2,-0.320000,-0.999871,0.000000,0.320000,1.899871
460,9.200,3,0.320000,-0.999998,0.400000,0.320000,2.559996
470,9.400,2,-0.320000,-0.999871,0.000000,0.320000,1.899871
470,9.400,3,0.320000,-0.999998,0.400000,0.320000,2.559996
480,9.600,2,-0.320000,-0.999871,0.000000,0.320000,1.899871
480,9.600,3,0.320000,-0.999999,0.400000,0.320000,2.559996
490,9.800,2,-0.320000,-0.999871,0.000000,0.320000,1.899871
490,9.800,3,0.320000,-0.999999,0.400000,0.320000,2.559996
500,10.000,2,-0.320000,-0.999871,0.000000,0.320000,1.899871
500,10.000,3,0.320000,-0.999999,0.400000,0.320000,2.559996
510,10.200,2,-0.320000,-0.999871,0.000000,0.320000,1.899871
510,10.200,3,0.320000,-0.999999,0.400000,0.320000,2.559996
520,10.400,2,-0.320000,-0.999871,0.000000,0.320000,1.899871
520,10.400,3,0.320000,-0.999999,0.400000,0.320000,2.559996
530,10.600,2,-0.320000,-0.999871,0.000000,0.320000,1.899871
530,10.600,3,0.320000,-0.999999,0.400000,0.320000,2.559996
540,10.800,2,-0.320000,-0.999871,0.000000,0.320000,1.899871
540,10.800,3,0.320000,-0.999999,0.400000,0.320000,2.559996
